{"offline_id": "ad295a5ec8264b82b4b9091aa0c3c5fe", "project_name": "yolov5", "start_time": 1717690174683, "stop_time": 1717690223264, "tags": [], "workspace": null, "resume_strategy": "create", "customer_error_reported": true, "customer_error_message": "Unexpected error detected in the user script: RuntimeError('Given groups=1, weight of size [128, 64, 3, 3], expected input[1, 128, 128, 128] to have 64 channels, but got 128 channels instead')", "user_provided_experiment_key": false, "comet_start_sourced": false}